{"loss": [1.6349550485610962, 1.1825134754180908], "accuracy": [0.4517199993133545, 0.5877199769020081], "val_loss": [1.3694353103637695, 1.0167067050933838], "val_accuracy": [0.5383999943733215, 0.6431000232696533]}