{"loss": [1.6422337293624878, 1.1549153327941895, 0.9709221720695496, 0.8654480576515198, 0.7994552850723267, 0.736055850982666, 0.6918638944625854, 0.6471776962280273, 0.6133899688720703, 0.5867900252342224, 0.5680520534515381, 0.5400479435920715, 0.515572190284729, 0.4948033094406128, 0.48128336668014526, 0.4673254191875458, 0.4465598165988922, 0.43909597396850586, 0.4186098575592041, 0.4077956974506378, 0.3982139825820923, 0.38252753019332886, 0.3799717128276825, 0.36119723320007324, 0.3579190969467163, 0.3452132046222687, 0.33904874324798584, 0.3306928873062134, 0.3250443637371063, 0.314491868019104, 0.31022098660469055, 0.2970774471759796, 0.2966890335083008, 0.2889750897884369, 0.2833364009857178, 0.2840738594532013, 0.2718620300292969, 0.2729644775390625, 0.2684478163719177, 0.2632279098033905, 0.2598492503166199, 0.24842683970928192, 0.2455722987651825, 0.24636612832546234, 0.24276301264762878, 0.23509663343429565, 0.23556561768054962, 0.23189744353294373, 0.2258598953485489], "accuracy": [0.45034000277519226, 0.599120020866394, 0.6608399748802185, 0.6947199702262878, 0.7194600105285645, 0.7419599890708923, 0.7553799748420715, 0.7705399990081787, 0.7841799855232239, 0.7924399971961975, 0.7990000247955322, 0.8088399767875671, 0.8173999786376953, 0.8241199851036072, 0.8292800188064575, 0.8342400193214417, 0.8407400250434875, 0.8442599773406982, 0.8510000109672546, 0.8555399775505066, 0.858680009841919, 0.8634799718856812, 0.8647800087928772, 0.8707399964332581, 0.8711000084877014, 0.8758400082588196, 0.8789399862289429, 0.8818600177764893, 0.8844000101089478, 0.8879200220108032, 0.888979971408844, 0.8929200172424316, 0.8939800262451172, 0.895799994468689, 0.8981999754905701, 0.8962200284004211, 0.9015399813652039, 0.9019799828529358, 0.9025400280952454, 0.9041200280189514, 0.9078400135040283, 0.9106799960136414, 0.9134600162506104, 0.9126200079917908, 0.9123799800872803, 0.9146999716758728, 0.9146000146865845, 0.9167799949645996, 0.9200999736785889], "val_loss": [1.3027135133743286, 0.9755440354347229, 0.8493643403053284, 0.850781261920929, 0.7516902089118958, 0.7123261094093323, 0.6607505083084106, 0.747780978679657, 0.6328422427177429, 0.6317297220230103, 0.6708502769470215, 0.5985333919525146, 0.6127912402153015, 0.5832226872444153, 0.5790122747421265, 0.5829757452011108, 0.566363513469696, 0.579160749912262, 0.5854941010475159, 0.5893242955207825, 0.5673068165779114, 0.5552277565002441, 0.5648729205131531, 0.5626335740089417, 0.5688115954399109, 0.5873960852622986, 0.5587554574012756, 0.5626983642578125, 0.5615731477737427, 0.5667451024055481, 0.575463593006134, 0.56013023853302, 0.5769578814506531, 0.5683112144470215, 0.5709113478660583, 0.5663862228393555, 0.5813553333282471, 0.5713262557983398, 0.580714225769043, 0.5705558061599731, 0.5667628645896912, 0.5627777576446533, 0.56142258644104, 0.5635259747505188, 0.5689179301261902, 0.5770447850227356, 0.5746866464614868, 0.5874866843223572, 0.566299557685852], "val_accuracy": [0.5424000024795532, 0.6577000021934509, 0.7052000164985657, 0.7027000188827515, 0.7391999959945679, 0.7541999816894531, 0.7716000080108643, 0.7444000244140625, 0.777999997138977, 0.7807000279426575, 0.7759000062942505, 0.7936000227928162, 0.7943000197410583, 0.7994999885559082, 0.8026000261306763, 0.8036999702453613, 0.8082000017166138, 0.8072999715805054, 0.8016999959945679, 0.8062000274658203, 0.8112999796867371, 0.8136000037193298, 0.8155999779701233, 0.8130000233650208, 0.8133000135421753, 0.8116000294685364, 0.8173999786376953, 0.8173999786376953, 0.8188999891281128, 0.8169999718666077, 0.8145999908447266, 0.8199999928474426, 0.817300021648407, 0.8213000297546387, 0.8167999982833862, 0.8209999799728394, 0.8191999793052673, 0.8180000185966492, 0.8202000260353088, 0.8202000260353088, 0.8234000205993652, 0.8230000138282776, 0.824400007724762, 0.8233000040054321, 0.8235999941825867, 0.8235999941825867, 0.8248000144958496, 0.8241999745368958, 0.8230000138282776]}